player_id,player_name,bat_style,bowl_style,field_pos,player_full_name
963,MN Samuels,Right hand Bat,Right arm Offbreak, ,Marlon Nathaniel Samuels
53,SB Jakati,Left hand Bat,Slow Left arm Orthodox, ,Shadab Bashir Jakati
12,DA Warner,Left hand Bat,Legbreak, ,David Andrew Warner
268,RA Tripathi,Right hand Bat,Right arm Medium, ,Rahul Ajay Tripathi
186,S Nadeem,Right hand Bat,Slow Left arm Orthodox, ,Shahbaz Nadeem
59,MK Pandey,Right hand Bat,Right arm Medium, ,Manish Krishnanand Pandey
531,KS Williamson,Right hand Bat,Right arm Offbreak, ,Kane Stuart Williamson
56,G Gambhir,Left hand Bat,Legbreak, ,Gautam Gambhir
39,MK Tiwary,Right hand Bat,Legbreak Googly, ,Manoj Kumar Tiwary
68,M Vohra,Right hand Bat,Right arm Medium, ,Manan Vohra
638,NB Singh,Right hand Bat,Right arm Medium, ,Nathu Bharat Singh
40,R Bhatia,Right hand Bat,Right arm Medium fast, ,Rajat Bhatia
1233,SS Tiwary,Left hand Bat, , ,Saurabh Sunil Tiwary
1396,MA Wood,Right hand Bat,Right arm Fast, ,Mark Andrew Wood
47,SK Raina,Left hand Bat,Right arm Offbreak, ,Suresh Kumar Raina
1242,R Vinay Kumar,Right hand Bat,Right arm Medium, ,Ranganath Vinay Kumar
541,SE Marsh,Left hand Bat,Slow Left arm Orthodox, ,Shaun Edward Marsh
6,Sachin Baby,Left hand Bat,Right arm Offbreak, ,Sachin Baby
525,J Yadav,Right hand Bat,Right arm Offbreak, ,Jayant Yadav
63,PP Chawla,Left hand Bat,Legbreak, ,Piyush Pramod Chawla
36,SPD Smith,Right hand Bat,Legbreak Googly, ,Steven Peter Devereux Smith
55,S Kaushik,Right hand Bat,Left arm Wrist spin, ,Shivil Kaushik
52,P Kumar,Right hand Bat,Right arm Medium, ,Praveenkumar Sakat Singh
1429,K Khejroliya,Left hand Bat,Left arm Medium fast, ,Kulwant Khejroliya
32,MJ McClenaghan,Left hand Bat,Left arm Fast medium, ,Mitchell John McClenaghan
457,AD Mathews,Right hand Bat,Right arm Medium, ,Angelo Davis Mathews
45,JJ Roy,Right hand Bat, , ,Jason Jonathan Roy
43,AB Dinda,Right hand Bat,Right arm Medium fast, ,Ashok Bhimchandra Dinda
579,Shakib Al Hasan,Left hand Bat,Slow Left arm Orthodox, ,Shakib Al Hasan
1448,K Gowtham,Right hand Bat,Right arm Offbreak, ,Krishnappa Gowtham
60,YK Pathan,Right hand Bat,Right arm Offbreak, ,Yusuf Khan Pathan
7,STR Binny,Right hand Bat,Right arm Medium, ,Stuart Terence Roger Binny
173,Iqbal Abdulla,Left hand Bat,Slow Left arm Orthodox, ,Sayed Iqbal Abdulla
15,Yuvraj Singh,Left hand Bat,Slow Left arm Orthodox, ,Yuvraj Singh
74,Swapnil Singh,Right hand Bat,Slow Left arm Orthodox, ,Swapnil Singh
760,MJ Guptill,Right hand Bat,Right arm Offbreak, ,Martin James Guptill
182,CH Morris,Right hand Bat,Right arm Fast medium, ,Christopher Henry Morris
1449,S Gopal,Right hand Bat,Legbreak, ,Shreyas Gopal
405,KC Cariappa,Right hand Bat,Legbreak, ,Konganda Charamanna Cariappa
196,Basil Thampi,Right hand Bat,Right arm Fast medium, ,Basil Thampi
744,AR Bawne,Right hand Bat,Right arm Offbreak, ,Ankit Ramdas Bawne
676,KV Sharma,Left hand Bat,Legbreak Googly, ,Karn Vinod Sharma
171,Vishnu Vinod,Right hand Bat, ,Wicketkeeper,Vishnu Vinod
448,AF Milne,Right hand Bat,Right arm Fast, ,Adam Fraser Milne
359,Ankit Sharma,Left hand Bat,Slow Left arm Orthodox, ,Ankit Nagendra Sharma
187,Z Khan,Right hand Bat,Left arm Fast medium, ,Zaheer Khan
185,A Mishra,Right hand Bat,Legbreak, ,Amit Mishra
726,Ankit Soni,Right hand Bat,Legbreak, ,Ankit Soni
197,Tejas Baroka,Right hand Bat,Legbreak Googly, ,Tejas Baroka
5,SR Watson,Right hand Bat,Right arm Fast medium, ,Shane Robert Watson
351,AJ Tye,Right hand Bat,Right arm Medium fast, ,Andrew James Tye
1393,DJ Bravo,Right hand Bat,Right arm Medium, ,Dwayne John Bravo
177,AP Tare,Right hand Bat, ,Wicketkeeper,Aditya Prakash Tare
7539,B Indrajith,Right hand Bat,Legbreak Googly, ,Baba Indrajith
4063,T Banton,Right hand Bat, ,Wicketkeeper,Tom Banton
6115,K Yadav,Left hand Bat,Left arm Fast medium, ,Kuldip Yadav
8321,Rahmanullah Gurbaz,Right hand Bat, ,Wicketkeeper,Rahmanullah Gurbaz
1285,HV Patel,Right hand Bat,Right arm Medium, ,Harshal Vikram Patel
3649,AS Roy,Left hand Bat,Slow Left arm Orthodox, ,Anukul Sudhakar Roy
332,V Kohli,Right hand Bat,Right arm Medium, ,Virat Kohli
73,MP Stoinis,Right hand Bat,Right arm Medium, ,Marcus Peter Stoinis
163,RD Chahar,Right hand Bat,Legbreak Googly, ,Rahul Desraj Chahar
30,HH Pandya,Right hand Bat,Right arm Medium fast, ,Hardik Himanshu Pandya
65,SP Narine,Left hand Bat,Right arm Offbreak, ,Sunil Philip Narine
361,LH Ferguson,Right hand Bat,Right arm Fast, ,Lachlan Hammond Ferguson
1119,R Tewatia,Left hand Bat,Legbreak, ,Rahul Tewatia
20,B Kumar,Right hand Bat,Right arm Medium, ,Bhuvneshwar Kumar Singh
22,Rashid Khan,Right hand Bat,Legbreak Googly, ,Rashid Khan Arman
1424,SN Khan,Right hand Bat,Legbreak, ,Sarfaraz Naushad Khan
6761,R Shepherd,Right hand Bat,Right arm Fast medium, ,Romario Shepherd
4960,MR Marsh,Right hand Bat,Right arm Medium, ,Mitchell Ross Marsh
70,AR Patel,Left hand Bat,Slow Left arm Orthodox, ,Axar Rajeshbhai Patel
590,K Rabada,Left hand Bat,Right arm Fast, ,Kagiso Rabada
72,DA Miller,Left hand Bat,Right arm Offbreak, ,David Andrew Miller
41,DL Chahar,Right hand Bat,Right arm Medium, ,Deepak Lokandersingh Chahar
6730,Mohsin Khan,Left hand Bat,Left arm Medium fast,NULL,Mohsin Khan
460,Mohammed Shami,Right hand Bat,Right arm Fast, ,Mohammed Shami Ahmed
1286,Avesh Khan,Right hand Bat,Right arm Fast medium, ,Avesh Khan
28,KH Pandya,Left hand Bat,Slow Left arm Orthodox, ,Krunal Himanshu Pandya
347,Ishan Kishan,Left hand Bat, ,Wicketkeeper,Ishan Pranav Kumar Pandey Kishan
7751,SA Abbott,Right hand Bat,Right arm Fast medium, ,Sean Anthony Abbott
7302,OC McCoy,Left hand Bat,Left arm Fast medium, ,Obed  Christopher McCoy
4970,P Dubey,Right hand Bat,Legbreak Googly, ,Praveen Dubey
3451,DW Steyn,Right hand Bat,Right arm Fast, ,Dale Willem Steyn
5411,RP Meredith,Right hand Bat,Right arm Fast, ,Riley Patrick Meredith
7895,R Sai Kishore,Left hand Bat,Slow Left arm Orthodox, ,Ravisrinivasan Sai Kishore
1805,RK Bhui,Right hand Bat,Legbreak Googly, ,Ricky Kannakumar Bhui
6710,Akash Deep,Right hand Bat,Right arm Fast medium, ,Akash Deep
5976,KS Bharat,Right hand Bat, ,Wicketkeeper,Kona Srikar Bharat
6739,A Manohar,Right hand Bat,Legbreak Googly, ,Abhinav Manohar
7843,Fazalhaq Farooqi,Right hand Bat,Left arm Fast medium, ,Fazalhaq Farooqi
7083,KR Sen,Right hand Bat,Right arm Fast, ,Kuldeep Rampal Sen
5629,FA Allen,Right hand Bat,Slow Left arm Orthodox, ,Fabian Anthony Allen
5935,Anuj Rawat,Left hand Bat, , ,Anuj Rawat
7017,M Theekshana,Right hand Bat,Right arm Offbreak, ,Morawakage Maheesh Theekshana
2142,DJ Willey,Left hand Bat,Left arm Fast medium, ,David Jonathan Willey
1849,PP Shaw,Right hand Bat,Right arm Offbreak, ,Prithvi Pankaj Shaw
6017,Umran Malik,Right hand Bat,Right arm Fast, ,Umran Malik
2295,SP Goswami,Left hand Bat, ,Wicketkeeper,Shreevats Pratyush Goswami
3156,HF Gurney,Right hand Bat,Left arm Fast medium, ,Harry Frederick Gurney
2743,CA Ingram,Left hand Bat,Legbreak,Wicketkeeper,Colin Alexander Ingram
3214,SD Lad,Right hand Bat,Right arm Offbreak, ,Siddhesh Dinesh Lad
8305,J Little,Right hand Bat,Left arm Fast medium, ,Joshua Brian Little
8007,M Pathirana,Right hand Bat,Right arm Fast, ,Matheesha Pathirana
3145,S Midhun,Right hand Bat,Legbreak Googly, ,Sudhesan Midhun
2353,CJ Dala,Right hand Bat,Right arm Medium, ,Carl Junior Dala
4097,PK Garg,Right hand Bat,Right arm Medium, ,Priyam K Garg
7192,Aman Hakim Khan,Right hand Bat,Right arm Medium, ,Aman Hakim Khan
6734,MS Wade,Left hand Bat,Right arm Medium,Wicketkeeper,Matthew Scott Wade
4134,KL Nagarkoti,Right hand Bat,Right arm Fast, ,Kamlesh Lachham Nagarkoti
4320,DR Sams,Right hand Bat,Left arm Fast medium, ,Daniel Richard Sams
7496,DJ Mitchell,Right hand Bat,Right arm Medium, ,Daryl Joseph Mitchell
5422,C Sakariya,Left hand Bat,Left arm Medium fast, ,Chetan Sakariya
2352,S Lamichhane,Right hand Bat,Legbreak Googly, ,Sandeep Lamichhane
2910,GH Vihari,Right hand Bat,Right arm Offbreak, ,Gade Hanuma Vihari
8349,RR Rossouw,Left hand Bat,Right arm Offbreak, ,Rilee Roscoe Rossouw
8333,KR Mayers,Left hand Bat,Right arm Medium, ,Kyle Rico Mayers
5573,LI Meriwala,Left hand Bat,Left arm Fast medium, ,Lukman Iqbal Meriwala
2894,NS Naik,Right hand Bat, ,Wicketkeeper,Nikhil Shankar Naik
8191,PN Mankad,Right hand Bat,Right arm Medium, ,Prerak Nileshkumar Mankad
7621,K Kartikeya,Right hand Bat,"Slow Left arm Orthodox, Left arm Wrist spin", ,Kumar Kartikeya Singh
6520,AU Rashid,Right hand Bat,Legbreak, ,Adil Usman Rashid
6519,IC Porel,Right hand Bat,Right arm Medium, ,Ishan Chandranath Porel
5526,Virat Singh,Left hand Bat,Legbreak Googly, ,Virat Binod Singh
5181,Monu Kumar,Right hand Bat,Right arm Medium, ,Monu Kumar Singh
10159,SH Johnson,Left hand Bat,Left arm Fast,NULL,Spencer Johnson
11192,AA Kulkarni,Right hand Bat,Right arm Medium,NULL,Arshin Kulkarni
10169,SZ Mulani,Left hand Bat,Slow Left arm Orthodox,NULL,Shams Mulani
11212,RJ Gleeson,Right hand Bat,Right arm Fast Medium,NULL,Richard Gleeson
11429,V Kaverappa,Right hand Bat,Right arm Fast medium,NULL,Vidhwath Kaverappa
10232,KT Maphaka,Left hand Bat,Left arm Fast,NULL,Kwena Maphaka
8808,D Jansen,Right hand Bat,Left arm Fast,NULL,Duan Jansen
10065,R Ravindra,Left hand Bat,Slow Left arm Orthodox,NULL,Rachin Ravindra
10083,Sumit Kumar,Right hand Bat,Right arm Medium fast,NULL,Sumit Kumar
10488,Saurav Chauhan,Left hand Bat,Right arm Offbreak,NULL,Saurav Chauhan
6729,PVD Chameera,Right hand Bat,Right arm Fast, ,Pathira Vasan Dushmantha Chameera
10135,N Burger,Left hand Bat,Left arm Fast medium,NULL,Nandre Burger
6798,Mukesh Choudhary,Left hand Bat,Left arm Medium, ,Mukesh Choudhary
6681,Tilak Varma,Left hand Bat,Right arm Offbreak, ,Namboori Thakur Tilak Varma
8355,Mukesh Kumar,Right hand Bat,Right arm Medium, ,Mukesh Kumar
4104,YBK Jaiswal,Left hand Bat,Legbreak, ,Yashasvi Bhupendra Kumar Jaiswal
11366,A Kamboj,Right hand Bat,Right arm Medium,NULL,Anshul Kamboj
11834,Prince Yadav,Right hand Bat,Right arm Fast,NULL,Prince Yadav
6054,AK Markram,Right hand Bat,Right arm Offbreak, ,Aiden Kyle Markram
2701,S Dube,Left hand Bat,Right arm Medium, ,Shivam Dube
1833,JC Archer,Right hand Bat,Right arm Fast, ,Jofra Chioke Archer
4059,Ravi Bishnoi,Right hand Bat,Legbreak Googly, ,Ravi Bishnoi
1740,H Klaasen,Right hand Bat,Right arm Offbreak,Wicketkeeper,Heinrich Klaasen
3747,P Simran Singh,Right hand Bat, ,Wicketkeeper,Prabhsimran Singh
4212,Kartik Tyagi,Right hand Bat,Right arm Fast, ,Kartik Tyagi
10291,A Raghuvanshi,Right hand Bat,Slow Left arm Orthodox,NULL,Angkrish Raghuvanshi
4098,JO Holder,Right hand Bat,Right arm Medium fast, ,Jason Omar Holder
4310,Shahbaz Ahmed,Left hand Bat,Slow Left arm Orthodox, ,Shahbaz Ahmed
10070,Sameer Rizvi,Right hand Bat,Right arm Offbreak,NULL,Sameer Rizvi
4664,JR Hazlewood,Left hand Bat,Right arm Fast medium, ,Josh Reginald Hazlewood
11282,MJ Suthar,Left hand Bat,Slow Left arm Orthodox,NULL,Manav Suthar
5343,M Jansen,Right hand Bat,Left arm Medium fast, ,Marco Jansen
8389,Arshad Khan,Left hand Bat,Left arm Medium,NULL,Arshad Khan
2825,CV Varun,Right hand Bat,Legbreak Googly, ,Varun Chakravarthy Vinod
11981,DL Vettori,Left hand Bat,Slow Left arm Orthodox, ,Daniel Luca Vettori
9759,Sanvir Singh,Right hand Bat,Right arm Medium, ,Sanvir Singh
8769,Yudhvir Singh,Right hand Bat,Right arm Medium fast, ,Yudhvir Singh Charak
8930,Liton Das,Right hand Bat,Right arm Offbreak,Wicketkeeper,Litton Kumer Das
12015,WPUJC Vaas,Left hand Bat,Left arm Fast medium, ,Warnakulasuriya Patabendige Ushantha Joseph Chaminda Vaas
12013,AS Yadav,Right hand Bat,Right arm Offbreak, ,Arjun Shivlal Yadav
12127,VRV Singh,Right hand Bat,Right arm Medium fast, ,Vikram Raj Vir Singh
12016,RP Singh,Right hand Bat,Left arm Fast medium, ,Rudra Pratap Singh
11984,GD McGrath,Right hand Bat,Right arm Fast medium, ,Glenn Donald McGrath
11982,MF Maharoof,Right hand Bat,Right arm Fast medium, ,Mohamed Farveez Maharoof
12295,HH Gibbs,Right hand Bat,Right arm Bowler, ,Herschelle Herman Gibbs
11924,LR Shukla,Right hand Bat,Right arm Medium, ,Laxmi Ratan Shukla
9524,Vivrant Sharma,Left hand Bat,Legbreak Googly, ,Vivrant Sharma
8396,MG Bracewell,Left hand Bat,Right arm Offbreak,Wicketkeeper,Michael Gordon Bracewell
11926,AB Agarkar,Right hand Bat,Right arm Fast, ,Ajit Bhalchandra Agarkar
12012,SB Styris,Right hand Bat,Right arm Medium, ,Scott Bernard Styris
8890,Naveen-ul-Haq,Right hand Bat,Right arm Medium fast, ,Naveen-ul-Haq Murid
12318,BJ Hodge,Right hand Bat,Right arm Offbreak, ,Bradley John Hodge
11996,S Chanderpaul,Left hand Bat,Legbreak, ,Shivnarine Chanderpaul
11963,T Kohli,Right hand Bat,Right arm Medium, ,Taruwar Sushil Kohli
11954,KC Sangakkara,Left hand Bat,Right arm Offbreak,Wicketkeeper,Kumar Chokshanada Sangakkara
12056,Shahid Afridi,Right hand Bat,Legbreak Googly, ,Sahibzada Mohammad Shahid Khan Afridi
12323,Umar Gul,Right hand Bat,Right arm Fast medium, ,Umar Gul
11949,P Amarnath,Right hand Bat,Right arm Medium, ,Palani Amarnath
12121,RR Sarwan,Right hand Bat,Legbreak, ,Ramnaresh Ronnie Sarwan
11993,MA Khote,Right hand Bat,Right arm Medium, ,Musavir Asmat Khote
11933,JH Kallis,Right hand Bat,Right arm Fast medium, ,Jacques Henry Kallis
11983,B Geeves,Right hand Bat,Right arm Fast medium, ,Brett Geeves
8605,Mohit Rathee,Right hand Bat,Legbreak, ,Mohit Rathee
9431,R Goyal,Left hand Bat,Left arm Wrist spin, ,Raghav Goyal
10707,Arshad Khan (2),Left hand Bat,Left arm Medium, ,Mohd Arshad Khan
11952,K Goel,Left hand Bat,Right arm Offbreak, ,Karan Goel
8569,SSB Magala,Right hand Bat,Right arm Fast medium, ,Sisanda Somila Bruce Magala
11947,S Badrinath,Right hand Bat,Right arm Offbreak, ,Subramaniam Badrinath
12071,VY Mahesh,Right hand Bat,Right arm Medium fast, ,Vijaykumar Yo Mahesh
11958,P Dharmani,Right hand Bat, ,Wicketkeeper,Pankaj Dharmani
11923,Mohammad Hafeez,Right hand Bat,Right arm Offbreak, ,Mohammad Hafeez
11946,JDP Oram,Left hand Bat,Right arm Fast medium, ,Jacob David Philip Oram
12105,D Kalyankrishna,Right hand Bat,Right arm Medium fast, ,Doddapaneni Kalyankrishna
11986,ST Jayasuriya,Left hand Bat,Slow Left arm Orthodox, ,Sanath Teran Jayasuriya
11989,PR Shah,Right hand Bat, ,Wicketkeeper,Pinal Rohitbhai Shah
11980,M Manhas,Right hand Bat,Right arm Offbreak,Wicketkeeper,Mithun Manhas
11959,B Lee,Right hand Bat,Right arm Fast, ,Brett Lee
11921,RT Ponting,Right hand Bat,Right arm Medium, ,Ricky Thomas Ponting
11922,DJ Hussey,Right hand Bat,Right arm Offbreak, ,David John Hussey
12572,NK Patel,Left hand Bat,NULL,NULL,Niraj Kanubhai Patel
12338,SP Fleming,Left hand Bat, , ,Stephen Paul Fleming
16455,TR Birt,Left hand Bat,Right arm Medium,Occasional Wicketkeeper,Travis Rodney Birt
16953,AA Kazi,Left hand Bat,Slow Left arm Orthodox, ,Abrar Anjum Kazi
14798,J Theron,Right hand Bat,Right arm Medium fast, ,Juan Theron
34126,SS Mundhe,Right hand Bat,Right arm Medium, ,Shrikant Shrihari Mundhe
15862,Sunny Singh,Right hand Bat,Right arm Medium fast, ,Sunny Singh
13301,R Bishnoi,Right hand Bat,Right arm Medium fast, ,Rajesh Bishnoi
13388,AS Raut,Right hand Bat,Legbreak Googly, ,Abhishek Santosh Raut
14765,R Sharma,Right hand Bat,Legbreak Googly, ,Rahul Sharma
15334,RS Sodhi,Right hand Bat,Right arm Medium, ,Reetinder Singh Sodhi
14648,MJ Lumb,Left hand Bat,Right arm Medium, ,Michael John Lumb
34959,LJ Wright,Right hand Bat,Right arm Medium, ,Luke James Wright
14476,R Sathish,Right hand Bat,Right arm Medium, ,Rajagopal Sathish
12372,Misbah-ul-Haq,Right hand Bat,Legbreak, ,Misbah-ul-Haq Khan Niazi
14464,OA Shah,Right hand Bat,Right arm Offbreak, ,Owais Alam Shah
13248,AM Salvi,Right hand Bat,Right arm Medium, ,Aavishkar Madhav Salvi
13016,A Nel,Right hand Bat,Right arm Fast medium, ,Andre Nel
16380,NL McCullum,Right hand Bat,Right arm Offbreak, ,Nathan Leslie McCullum
34811,N Saini,Right hand Bat, ,Wicketkeeper,Nitin Saini
15261,AN Ahmed,Right hand Bat,Right arm Medium fast, ,Abu Nechim Ahmed
16743,I Malhotra,Right hand Bat,Right arm Medium fast, ,Ishan Malhotra
14757,MD Mishra,Right hand Bat,Right arm Offbreak, ,Mohnish Dinesh Mishra
34983,RJ Peterson,Left hand Bat,Slow Left arm Orthodox, ,Robin John Peterson
14463,CA Pujara,Right hand Bat,Legbreak, ,Cheteshwar Arvind Pujara
14489,A Uniyal,Left hand Bat,Left arm Medium, ,Amit Uniyal
13651,GR Napier,Right hand Bat,Right arm Medium, ,Graham Richard Napier
14136,J Botha,Right hand Bat,Right arm Offbreak, ,Johan Botha
13227,Kamran Khan,Left hand Bat,Left arm Medium fast, ,Kamran Khan
12454,U Kaul,Left hand Bat, ,Wicketkeeper,Uday Kaul
8470,Dhruv Jurel,Right hand Bat, , ,Dhruv Chand Jurel
8386,N Wadhera,Left hand Bat,Legbreak, ,Nehal Wadhera
8597,MW Short,Right hand Bat,Right arm Offbreak, ,Matthew William Short
8433,Abishek Porel,Left hand Bat, ,Wicketkeeper,Abishek Porel
13620,S Tyagi,Right hand Bat,Right arm Medium, ,Sudeep Tyagi
16276,BJ Haddin,Right hand Bat, ,Wicketkeeper,Bradley James Haddin
12518,CK Kapugedera,Right hand Bat,Right arm Medium,Occasional Wicketkeeper,Chamara Kantha Kapugedera
12471,S Anirudha,Right hand Bat, , ,Srikkanth Anirudha
13384,RJ Quiney,Left hand Bat,Right arm Medium, ,Robert John Quiney
13260,YA Abdulla,Left hand Bat,Left arm Fast medium, ,Yusuf Adam Abdulla
12650,TM Dilshan,Right hand Bat,Right arm Offbreak,Wicketkeeper,Tillakaratne Mudiyanselage Dilshan
13551,MN van Wyk,Right hand Bat,Slow Left arm Orthodox,Wicketkeeper,Morne Nico van Wyk
14206,SS Shaikh,Right hand Bat,Right arm Medium, ,Shoaib Shabbir Shaikh
15878,AC Thomas,Right hand Bat,Right arm Fast medium, ,Alfonso Clive Thomas
15003,PD Collingwood,Right hand Bat,Right arm Medium, ,Paul David Collingwood
15239,AP Dole,Right hand Bat,Right arm Medium fast, ,Aditya Pradip Dole
14216,Jaskaran Singh,Right hand Bat,Right arm Medium, ,Jaskaran Singh Buttar
12850,H Das,Right hand Bat, ,Wicketkeeper,Halhadar Das
33972,AA Chavan,Left hand Bat,Slow Left arm Orthodox, ,Ankeet Anil Chavan
13986,A Mithun,Right hand Bat,Right arm Medium, ,Abhimanyu Mithun
12339,S Vidyut,Left hand Bat,Slow Left arm Orthodox, ,Vidyut Sivaramakrishnan
15851,JEC Franklin,Left hand Bat,Left arm Medium, ,James Edward Charles Franklin
13508,AN Ghosh,Right hand Bat,Right arm Medium, ,Arindam Nanigopal Ghosh
12422,RR Raje,Right hand Bat,Right arm Fast medium, ,Rohan Ravindra Raje
14008,SS Sarkar,Right hand Bat,Right arm Medium, ,Sourav Subrata Sarkar
15896,RN ten Doeschate,Right hand Bat,Right arm Medium fast, ,Ryan Neil ten Doeschate
15140,DE Bollinger,Left hand Bat,Left arm Fast medium, ,Douglas Erwin Bollinger
14567,S Ladda,Right hand Bat,Legbreak, ,Sarabjit Ladda
16249,DH Yagnik,Left hand Bat, , ,Dishant Harendra Yagnik
13245,DP Nannes,Right hand Bat,Left arm Fast, ,Dirk Peter Nannes
13810,A Singh,Right hand Bat,Right arm Medium fast, ,Amit Singh
34392,TP Sudhindra,Left hand Bat,Right arm Fast, ,Taduri Prakash Chandra Sudhindra
15779,S Randiv,Right hand Bat,Right arm Offbreak, ,Hewa Kaluhalamullage Suraj Randiv Kaluhalamulla
13383,PC Valthaty,Right hand Bat,Right arm Medium, ,Paul Chandrashekar Valthaty
34554,P Awana,Right hand Bat,Right arm Medium, ,Parvinder Awana
12710,Shoaib Akhtar,Right hand Bat,Right arm Fast, ,Shoaib Akhtar
34530,RR Bhatkal,Right hand Bat,Right arm Medium, ,Raju Ravi Bhatkal
34343,KK Cooper,Right hand Bat,Right arm Medium, ,Kevon Keston Cooper
12661,AD Mascarenhas,Right hand Bat,Right arm Fast medium, ,Adrian Dimitri Mascarenhas
14541,JM Kemp,Right hand Bat,Right arm Fast medium, ,Justin Miles Kemp
12362,LPC Silva,Right hand Bat,Legbreak, ,Lindamlilage Prageeth Chamara Silva
12580,SR Tendulkar,Right hand Bat,"Right arm Offbreak, Legbreak Googly", ,Sachin Ramesh Tendulkar
13785,RJ Harris,Right hand Bat,Right arm Fast, ,Ryan James Harris
15339,L Ablish,Right hand Bat,Right arm Medium fast, ,Love Ablish
15384,S Sriram,Left hand Bat,Slow Left arm Orthodox, ,Sridharan Sriram
14201,Mashrafe Mortaza,Right hand Bat,Right arm Fast medium, ,Mashrafe Bin Mortaza
14492,SW Tait,Right hand Bat,Right arm Fast, ,Shaun William Tait
6657,DP Conway,Left hand Bat,Right arm Medium,Occasional Wicketkeeper,Devon Philip Conway
13258,VS Malik,Right hand Bat,Right arm Medium, ,Vikramjeet Singh Malik
4339,N Jagadeesan,Right hand Bat, ,Wicketkeeper,Narayan Jagadeesan
14279,Y Nagar,Right hand Bat,Right arm Offbreak, ,Yogesh Nagar
1314,IR Jaggi,Right hand Bat,Legbreak Googly, ,Ishank Rajiv Jaggi
44,Imran Tahir,Right hand Bat,Legbreak Googly, ,Mohammad Imran Tahir
900,PJ Sangwan,Right hand Bat,Left arm Medium, ,Pradeep Jaibeer Sangwan
11943,MEK Hussey,Left hand Bat,Right arm Medium, ,Michael Edward Killeen Hussey
11991,SM Pollock,Right hand Bat,Right arm Fast medium, ,Shaun Maclean Pollock
35966,MDKJ Perera,Left hand Bat, ,Wicketkeeper,Mathurage Don Kusal Janith Perera
38647,JW Hastings,Right hand Bat,Right arm Fast medium, ,John Wayne Hastings
7546,Harshit Rana,Right hand Bat,Right arm Fast, ,Harshit Pradeep Rana
8098,A Tomar,Right hand Bat,Right arm Offbreak, ,Abhijeet Tomar
1327,CJ Jordan,Right hand Bat,Right arm Fast medium, ,Christopher James Jordan
2315,P Chopra,Right hand Bat,Legbreak Googly,Occasional Wicketkeeper,Prashant Chopra
11971,SK Warne,Right hand Bat,Legbreak Googly, ,Shane Keith Warne
16693,AC Blizzard,Left hand Bat,Left arm Medium, ,Aiden Craig Blizzard
36610,DJG Sammy,Right hand Bat,Right arm Medium, ,Daren Julius Garvey Sammy
49,KD Karthik,Right hand Bat,Right arm Offbreak,Wicketkeeper,Krishnakumar Dinesh Karthik
176,B Stanlake,Left hand Bat,Right arm Fast, ,Billy James Stanlake
11940,SB Joshi,Left hand Bat,Slow Left arm Orthodox, ,Sunil Bandacharya Joshi
12746,Younis Khan,Right hand Bat,"Right arm Medium, Legbreak", ,Mohammad Younis Khan
40242,P Sahu,Right hand Bat,Legbreak Googly, ,Pardeep Sahu
418,MM Patel,Right hand Bat,Right arm Medium fast, ,Munaf Musa Patel
12252,DB Das,Right hand Bat,Legbreak Googly, ,Debabrata Baidya Das
6287,RV Patel,Right hand Bat,Right arm Medium fast, ,Ripal Vinubhai Patel
12539,T Taibu,Right hand Bat,Right arm Medium,Wicketkeeper,Tatenda Taibu
34697,CJ McKay,Right hand Bat,Right arm Fast medium, ,Clinton James McKay
14360,RA Shaikh,Left hand Bat,Left arm Medium, ,Rahil Akhil Ahmed Shaikh
44056,MD Choudhary,Right hand Bat,,Wicketkeeper,Mukul Dalip Choudhary
2024,L Ngidi,Right hand Bat,Right arm Fast medium, ,Lungisani True-man Ngidi
10109,MA Starc,Left hand Bat,Left arm Fast, ,Mitchell Aaron Starc
76,Sandeep Sharma,Right hand Bat,Right arm Medium, ,Sandeep Sharma
8748,Vijaykumar Vyshak,Right hand Bat,Right arm Medium, ,Vijaykumar Vyshak
6047,GHS Garton,Left hand Bat,Left arm Fast, ,George Henry Simmons Garton
54,DS Kulkarni,Right hand Bat,Right arm Medium, ,Dhawal Sunil Kulkarni
69,WP Saha,Right hand Bat, ,Wicketkeeper,Wriddhiman Prasanta Saha
42,A Zampa,Right hand Bat,Legbreak Googly, ,Adam Zampa
40725,PSP Handscomb,Right hand Bat, ,Wicketkeeper,Peter Stephen Patrick Handscomb
8295,RS Hangargekar,Right hand Bat,Right arm Fast medium, ,Rajvardhan S Hangargekar
67,HM Amla,Right hand Bat,"Right arm Medium, Right arm Offbreak", ,Hashim Mahomed Amla
11972,SK Trivedi,Right hand Bat,Right arm Medium, ,Siddharth Kishorkumar Trivedi
13595,TL Suman,Right hand Bat,Right arm Offbreak, ,Tirumalasetti Laxminarayana Suman
34774,A Ashish Reddy,Right hand Bat,Right arm Medium, ,Ammana Ashish Reddy
12238,B Chipli,Right hand Bat,Right arm Medium, ,Bharat Chipli
14653,S Narwal,Left hand Bat,Right arm Medium, ,Sumit Narwal
12204,SD Chitnis,Right hand Bat,Right arm Offbreak, ,Siddharth Dilip Chitnis
35864,Sunny Gupta,Right hand Bat,Right arm Offbreak, ,Sunny Gupta
31,TG Southee,Right hand Bat,Right arm Medium fast, ,Timothy Grant Southee
17,BCJ Cutting,Right hand Bat,Right arm Fast medium, ,Benjamin Colin James Cutting
38548,BE Hendricks,Left hand Bat,Left arm Fast medium, ,Beuran Eric Hendricks
13083,BAW Mendis,Right hand Bat,Right arm Offbreak, ,Balapuwaduge Ajantha Winslow Mendis
12327,SA Asnodkar,Right hand Bat,Right arm Offbreak, ,Swapnil Ashok Asnodkar
11970,D Salunkhe,Right hand Bat,Legbreak, ,Dinesh Salunkhe
11966,M Kaif,Right hand Bat,Right arm Offbreak, ,Mohammad Kaif
36536,IC Pandey,Right hand Bat,Right arm Medium, ,Ishwar Chand Pandey
14487,P Dogra,Right hand Bat,Legbreak, ,Paras Dogra
13692,LA Carseldine,Left hand Bat,Left arm Medium, ,Lee Andrew Carseldine
19,Bipul Sharma,Left hand Bat,Slow Left arm Orthodox, ,Bipul Sharma
4170,JR Philippe,Right hand Bat, ,Wicketkeeper,Joshua Ryan Philippe
16199,TD Paine,Right hand Bat,Right arm Medium,Wicketkeeper,Timothy David Paine
11937,AA Noffke,Right hand Bat,Right arm Fast medium, ,Ashley Allan Noffke
12041,Kamran Akmal,Right hand Bat, ,Wicketkeeper,Kamran Akmal
36311,BJ Rohrer,Left hand Bat, ,Occasional Wicketkeeper,Ben James Rohrer
36555,CM Gautam,Right hand Bat, ,Wicketkeeper,Chidhambaram Muralidharen Gautam
41020,F Behardien,Right hand Bat,Right arm Fast medium, ,Farhaan Behardien
37031,PV Tambe,Right hand Bat,Legbreak, ,Pravin Vijay Tambe
35892,MC Juneja,Right hand Bat,Right arm Offbreak, ,Manprit Charanjit Juneja
41286,ER Dwivedi,Right hand Bat, ,Wicketkeeper,Eklavya Rakesh Dwivedi
35459,K Upadhyay,Right hand Bat,Right arm Medium, ,Krishnakant Upadhyay
37347,MG Neser,Right hand Bat,Right arm Medium fast, ,Michael Gertges Neser
40895,UT Khawaja,Left hand Bat,Right arm Medium, ,Usman Tariq Khawaja
40385,KJ Abbott,Right hand Bat,Right arm Fast medium, ,Kyle John Abbott
38924,DJ Muthuswami,Right hand Bat,Right arm Medium, ,Domnic Joseph Muthuswami
6360,Anmolpreet Singh,Right hand Bat,Right arm Offbreak, ,Anmolpreet Singh
3011,JP Behrendorff,Right hand Bat,Left arm Fast medium, ,Jason Paul Behrendorff
27,AT Rayudu,Right hand Bat,Right arm Offbreak,Occasional Wicketkeeper,Ambati Thirupathi Rayudu
1437,AD Russell,Right hand Bat,Right arm Fast, ,Andre Dwayne Russell
34601,V Pratap Singh,Right hand Bat,Right arm Medium, ,Veer Pratap Singh
1856,LE Plunkett,Right hand Bat,Right arm Fast, ,Liam Edward Plunkett
13563,RE van der Merwe,Right hand Bat,Slow Left arm Orthodox, ,Roelof Erasmus van der Merwe
58,RV Uthappa,Right hand Bat,Right arm Medium,Occasional Wicketkeeper,Robin Venu Uthappa
293,V Shankar,Right hand Bat,Right arm Medium, ,Vijay Shankar
37595,NJ Maddinson,Left hand Bat,Slow Left arm Orthodox, ,Nicolas James Maddinson
11934,CL White,Right hand Bat,Legbreak Googly, ,Cameron Leon White
11969,M Rawat,Right hand Bat, ,Wicketkeeper,Mahesh Rawat
9181,Gurnoor Brar,Left hand Bat,Right arm Fast, ,Gurnoor Brar
46,BB McCullum,Right hand Bat,"Right arm Medium, Right arm Offbreak",Wicketkeeper,Brendon Barrie McCullum
13863,M Morkel,Left hand Bat,Right arm Fast, ,Morne Morkel
7902,KS Sharma,Right hand Bat,Right arm Offbreak, ,Karan Sunny Sharma
16648,P Parameswaran,Right hand Bat,Left arm Medium, ,Prasanth Parameswaran
33961,P Prasanth,Left hand Bat,Slow Left arm Orthodox, ,Padmanabhan Prasanth
5473,Lalit Yadav,Right hand Bat,Right arm Offbreak, ,Lalit Yadav
16,DJ Hooda,Right hand Bat,Right arm Offbreak, ,Deepak Jagbir Hooda
1990,IS Sodhi,Right hand Bat,Legbreak, ,Inderbir Singh Sodhi
494,BB Sran,Left hand Bat,Left arm Medium, ,Barinder Balbirsingh Sran
34382,DJ Harris,Right hand Bat,Right arm Medium, ,Daniel Joseph Harris
3518,Y Prithvi Raj,Left hand Bat,Left arm Medium, ,Prithvi Raj Yarra
1964,JP Duminy,Left hand Bat,Right arm Offbreak, ,Jean-Paul Duminy
15866,NJ Rimmington,Right hand Bat,Right arm Fast medium, ,Nathan John Rimmington
21,A Nehra,Right hand Bat,Left arm Medium fast, ,Ashish Nehra
15829,AUK Pathan,Right hand Bat,Right arm Medium, ,Asad Ullah Khan Pathan
5562,Jalaj S Saxena,Right hand Bat,"Right arm Offbreak, Legbreak Googly", ,Jalaj Sahai Saxena
183,CR Brathwaite,Right hand Bat,Right arm Fast medium, ,Carlos Ricardo Brathwaite
4406,AT Carey,Left hand Bat, ,Wicketkeeper,Alex Tyson Carey
11967,DS Lehmann,Left hand Bat,Slow Left arm Orthodox, ,Darren Scott Lehmann
7134,SS Prabhudessai,Right hand Bat,Right arm Medium, ,Suyash S Prabhudessai
25,RG Sharma,Right hand Bat,Right arm Offbreak, ,Rohit Gurunath Sharma
181,RR Pant,Left hand Bat, ,Wicketkeeper,Rishabh Rajendra Pant
3495,Harpreet Brar,Left hand Bat,Slow Left arm Orthodox, ,Harpreet Brar
3230,R Parag,Right hand Bat,Legbreak, ,Riyan Parag
10939,N Thushara,Right hand Bat,Right arm Medium fast,NULL,Nuwan Thushara
11068,LB Williams,Left hand Bat,Right arm Medium fast,NULL,Lizaad Buyron Williams
11376,Gulbadin Naib,Right hand Bat,Right arm Medium fast,NULL,Gulbadin Naib
10690,Tanush Kotian,Right hand Bat,Right arm Offbreak,NULL,Tanush Kotian
10078,SD Hope,Right hand Bat,NULL,Wicketkeeper,Shai Diego Hope
10160,L Wood,Left hand Bat,Left arm Fast medium,NULL,Luke Wood
10168,G Coetzee,Right hand Bat,Right arm Fast,NULL,Gerald Coetzee
10604,KA Maharaj,Right hand Bat,Slow Left arm Orthodox,NULL,Keshav Athmanand Maharaj
10667,J Fraser-McGurk,Right hand Bat,Legbreak Googly,NULL,Jake Fraser-McGurk
10710,S Joseph,Left hand Bat,Right arm Fast,NULL,Shamar Joseph
11416,V Viyaskanth,Right hand Bat,Legbreak,NULL,Vijayakanth Viyaskanth
11799,V Puthur,Right hand Bat,Left arm Wrist spin,NULL,Vignesh Puthur
8805,Arjun Tendulkar,Left hand Bat,Left arm Medium fast, ,Arjun Sachin Tendulkar
36966,P Suyal,Right hand Bat,Left arm Medium, ,Pawan Shakland Suyal
15108,MB Parmar,Right hand Bat,Right arm Offbreak, ,Mohnish Bipinbhai Parmar
35364,AP Majumdar,Right hand Bat,Legbreak Googly, ,Anustup Prabir Majumdar
33919,Anand Rajan,Right hand Bat,Right arm Medium, ,Anand Rajan
2824,GC Viljoen,Right hand Bat,Right arm Fast, ,GC Viljoen
8773,Atharva Taide,Left hand Bat,Slow Left arm Orthodox, ,Atharva Taide
12065,Shoaib Malik,Right hand Bat,Right arm Offbreak, ,Shoaib Malik
12070,Mohammad Asif,Left hand Bat,Right arm Fast medium, ,Mohammad Asif
23,PA Patel,Left hand Bat,Right arm Offbreak,Wicketkeeper,Parthiv Ajay Patel
38229,Shivam Sharma,Right hand Bat,Right arm Offbreak, ,Shivam Sharma
12669,LA Pomersbach,Left hand Bat,Right arm Offbreak, ,Luke Anthony Pomersbach
39089,RG More,Right hand Bat,Right arm Medium, ,Ronit Gajanan More
7652,Simarjeet Singh,Right hand Bat,Right arm Medium fast, ,Simarjeet Singh
2227,MM Ali,Left hand Bat,Right arm Offbreak, ,Moeen Munir Ali
12364,DB Ravi Teja,Right hand Bat,Legbreak Googly, ,Dwaraka Bhamidipati Ravi Teja
491,Mohammad Nabi,Right hand Bat,Right arm Offbreak, ,Mohammad Nabi
569,JP Faulkner,Right hand Bat,Left arm Fast medium, ,James Peter Faulkner
241,VR Aaron,Right hand Bat,Right arm Fast, ,Varun Raymond Aaron
15368,B Sumanth,Right hand Bat,Right arm Medium fast, ,Bodapati Apparao Sumanth
8005,PH Solanki,Right hand Bat,Legbreak, ,Prashant Hitesh Solanki
5686,KW Richardson,Right hand Bat,Right arm Fast medium, ,Kane William Richardson
35,MA Agarwal,Right hand Bat,Right arm Offbreak, ,Mayank Anurag Agarwal
9,TS Mills,Right hand Bat,Left arm Fast, ,Tymal Solomon Mills
9508,JE Root,Right hand Bat,"Right arm Offbreak, Legbreak", ,Joseph Edward Root
15846,DJ Jacobs,Right hand Bat,Right arm Medium,Wicketkeeper,David Johan Jacobs
36069,BMAJ Mendis,Left hand Bat,Legbreak, ,Balapuwaduge Manukulasuriya Amith Jeevan Mendis
41723,PWA Mulder,Right hand Bat,Right arm Medium,NULL,Wiaan Mulder
41726,Zeeshan Ansari,Right hand Bat,Legbreak Googly,NULL,Zeeshan Ansari
41851,PHKD Mendis,Left hand Bat,"Right arm Offbreak, Slow Left arm Orthodox",NULL,Kamindu Mendis
42206,SK Rasheed,Right hand Bat,Legbreak,NULL,Shaik Rasheed
42220,JP Inglis,Right hand Bat,NULL,Wicketkeeper,Joshua Patrick Inglis
43300,Karim Janat,Right hand Bat,Right arm Medium,NULL,Karim Janat
43451,KS Rathore,Left hand Bat,NULL,Wicketkeeper,Kunal Singh Rathore
43574,M Tiwari,Right hand Bat,Right arm Medium fast,NULL,Madhav Tiwari
43582,MJ Owen,Right hand Bat,NULL,Right arm Medium,Mitchell J Owen
43638,W O'Rourke,Right hand Bat,Right arm Fast,Right arm Fast,William Peter O'Rourke
43820,MP Breetzke,Right hand Bat,NULL,Wicketkeeper,Matthew Paul Breetzke
43849,Musheer Khan,Right hand Bat,Slow Left arm Orthodox,NULL,Musheer Khan
43881,BKG Mendis,Right hand Bat,Legbreak,NULL,Kusal Mendis
2700,SO Hetmyer,Left hand Bat, , ,Shimron Odilon Hetmyer
42116,Himmat Singh,Right hand Bat,Right arm Offbreak,NULL,Himmat Singh
360,SN Thakur,Right hand Bat,Right arm Medium, ,Shardul Narendra Thakur
41785,Ashwani Kumar,Left hand Bat,Left arm Medium,NULL,Ashwani Kumar
11389,D Ferreira,Right hand Bat,Right arm Offbreak,Wicketkeeper,Donovan Ferreira
11843,V Nigam,Right hand Bat,Legbreak,NULL,Vipraj Nigam
8809,Noor Ahmad,Right hand Bat,Left arm Wrist spin, ,Noor Ahmad Lakanwal
11805,R Minz,Left hand Bat,NULL,Slow Left arm Orthodox,Robin Minz
11801,RD Rickelton,Left hand Bat,NULL,Wicketkeeper,Ryan Rickelton
41758,J Overton,Right hand Bat,Right arm Fast,NULL,Jamie Overton
10163,Naman Dhir,Right hand Bat,Right arm Offbreak,NULL,Naman Dhir
11847,Priyansh Arya,Left hand Bat,Right arm Offbreak,NULL,Priyansh Arya
10382,SB Dubey,Left hand Bat,Right arm Offbreak,NULL,Shubham Badriprasad Dubey
10630,WG Jacks,Right hand Bat,Right arm Offbreak,NULL,William George Jacks
42226,XC Bartlett,Right hand Bat,Right arm Fast medium,NULL,Xavier Colin Bartlett
6694,R Powell,Right hand Bat,Right arm Medium fast, ,Rovman Powell
61,SA Yadav,Right hand Bat,"Right arm Medium, Right arm Offbreak", ,Suryakumar Ashok Yadav
11854,Suryansh Shedge,Right hand Bat,Right arm Medium fast,NULL,Suryansh Shedge
43253,C Bosch,Right hand Bat,Right arm Fast medium,NULL,Corbin Bosch
43282,JG Bethell,Left hand Bat,Slow Left arm Orthodox,NULL,Jacob Graham Bethell
42133,E Malinga,Left hand Bat,Right arm Fast medium,NULL,Kiribathgala Kankanamalage Eshan Malinga Dharmasena
2662,KK Ahmed,Right hand Bat,Left arm Medium, ,Khaleel Khursheed Ahmed
5349,RM Patidar,Right hand Bat,Right arm Offbreak, ,Rajat Manohar Patidar
6310,TL Seifert,Right hand Bat, ,Wicketkeeper,Tim Louis Seifert
43548,Urvil Patel,Right hand Bat,NULL,Wicketkeeper,Urvil Mukesh Patel
43954,Sediqullah Atal,Left hand Bat,NULL,NULL,Sediqullah Atal
34356,DAJ Bracewell,Right hand Bat,Right arm Fast medium, ,Douglas Andrew John Bracewell
1970,AD Hales,Right hand Bat,Right arm Medium,Occasional Wicketkeeper,Alexander Daniel Hales
161,DT Christian,Right hand Bat,Right arm Fast medium, ,Daniel Trevor Christian
12414,YV Takawale,Right hand Bat, ,Wicketkeeper,Yogesh Vijay Takawale
62,CR Woakes,Right hand Bat,Right arm Fast medium, ,Christopher Roger Woakes
13231,KP Pietersen,Right hand Bat,Right arm Offbreak, ,Kevin Peter Pietersen
11948,Joginder Sharma,Right hand Bat,Right arm Fast medium, ,Joginder Sharma
13220,T Henderson,Right hand Bat,Right arm Fast medium, ,Tyron Henderson
15837,UBT Chand,Right hand Bat,Right arm Offbreak, ,Unmukt Bharat Thakur Chand
12008,Y Venugopal Rao,Right hand Bat,Right arm Offbreak, ,Yalaka Venugopal Rao
471,NM Coulter-Nile,Right hand Bat,Right arm Fast, ,Nathan Mitchell Coulter-Nile
34706,T Mishra,Right hand Bat,Right arm Fast medium, ,Tanmay Mishra
14481,AG Murtaza,Left hand Bat,Slow Left arm Orthodox, ,Ali Ghulam Murtaza
3718,S Sandeep Warrier,Right hand Bat,Right arm Medium, ,Sankarankutty Sandeep Warrier
8626,WD Parnell,Left hand Bat,Left arm Medium fast, ,Wayne Dillon Parnell
546,Gurkeerat Singh,Right hand Bat,Right arm Offbreak, ,Gurkeerat Rupinder Singh
14961,KB Arun Karthik,Right hand Bat,Legbreak Googly,Occasional Wicketkeeper,Konda Bhaskir Arun Karthik
12046,Pankaj Singh,Right hand Bat,Right arm Medium fast, ,Pankaj Singh
245,AB de Villiers,Right hand Bat,Right arm Medium,Wicketkeeper,Abraham Benjamin de Villiers
4771,CJ Green,Right hand Bat,Right arm Offbreak, ,Christopher James Green
48,AJ Finch,Right hand Bat,Slow Left arm Orthodox, ,Aaron James Finch
9069,D Wiese,Right hand Bat,Right arm Medium fast, ,David Wiese
4023,JL Pattinson,Left hand Bat,Right arm Fast medium, ,James Lee Pattinson
11935,MV Boucher,Right hand Bat,Right arm Medium,Wicketkeeper,Mark Verdon Boucher
34171,RW Price,Right hand Bat,Slow Left arm Orthodox, ,Raymond William Price
13026,A Mukund,Left hand Bat,Legbreak Googly, ,Abhinav Mukund
6717,OF Smith,Right hand Bat,Right arm Fast medium, ,Odean Fabian Smith
767,Anureet Singh,Right hand Bat,Right arm Medium, ,Kathuria Anureet Singh
35146,BB Samantray,Right hand Bat,Right arm Medium, ,Biplab Bipin Samantray
39661,GS Sandhu,Left hand Bat,Right arm Fast medium, ,Gurinder Singh Sandhu
1452,B Laughlin,Right hand Bat,Right arm Fast medium, ,Ben Laughlin
14520,RS Gavaskar,Left hand Bat,Slow Left arm Orthodox, ,Rohan Sunil Gavaskar
10152,Azmatullah Omarzai,Right hand Bat,Right arm Medium fast,NULL,Azmatullah Omarzai
11640,Shivam Singh,Right hand Bat,Right arm Offbreak,NULL,Shivam Singh
10548,BR Sharath,Right hand Bat,NULL,Wicketkeeper,Belur Ravi Sharath
11562,T Kohler-Cadmore,Right hand Bat,Right arm Offbreak,Wicketkeeper,Tom Kohler-Cadmore
11810,PVSN Raju,Left hand Bat,Right arm Medium fast,NULL,Penumatsa Venkata Satyanarayana Raju
42511,MS Bhandage,Left hand Bat,Right arm Medium fast,NULL,Manoj Shivaramsa Bhandage
38,MS Dhoni,Right hand Bat,Right arm Medium,Wicketkeeper,Mahendra Singh Dhoni
38515,K Santokie,Left hand Bat,Left arm Medium, ,Krishmar Santokie
15049,C Ganapathy,Right hand Bat,Right arm Medium, ,Chandrasekar Ganapathy
6715,RA Bawa,Left hand Bat,Right arm Medium fast, ,Raj Angad Bawa
318,UT Yadav,Right hand Bat,Right arm Fast, ,Umeshkumar Tilak Yadav
16414,KMDN Kulasekara,Right hand Bat,Right arm Fast medium, ,Kulasekara Mudiyanselage Dinesh Nuwan Kulasekara
37,BA Stokes,Left hand Bat,Right arm Fast medium, ,Benjamin Andrew Stokes
1986,MK Lomror,Left hand Bat,Slow Left arm Orthodox, ,Mahipal Krishan Lomror
6212,T Shamsi,Right hand Bat,Left arm Wrist spin, ,Tabraiz Shamsi
34817,Azhar Mahmood,Right hand Bat,Right arm Fast medium, ,Azhar Mahmood Sagar
11987,DJ Thornely,Right hand Bat,"Right arm Medium, Right arm Offbreak", ,Dominic John Thornely
11928,M Kartik,Left hand Bat,Slow Left arm Orthodox, ,Murali Kartik
297,Mustafizur Rahman,Left hand Bat,Left arm Fast medium, ,Mustafizur Rahman
8400,RJW Topley,Right hand Bat,Left arm Fast medium, ,Reece James William Topley
13458,KP Appanna,Right hand Bat,Slow Left arm Orthodox, ,Kotarangada Prabhu Appanna
6245,NT Ellis,Right hand Bat,Right arm Fast medium, ,Nathan Ellis
1416,R Ashwin,Right hand Bat,Right arm Offbreak, ,Ravichandran Ashwin
1443,DJM Short,Left hand Bat,Left arm Wrist spin, ,D'Arcy John Matthew Short
811,IK Pathan,Left hand Bat,Left arm Medium fast, ,Irfan Khan Pathan
634,AD Nath,Right hand Bat,Right arm Medium fast, ,Akshdeep Deependra Nath
14485,AA Jhunjhunwala,Right hand Bat,Right arm Offbreak, ,Abhishek Arunkumar Jhunjhunwala
12221,TM Srivastava,Left hand Bat,Right arm Medium, ,Tanmay Manoj Srivastava
77,T Natarajan,Left hand Bat,Left arm Medium, ,Thangarasu Natarajan
5354,KA Jamieson,Right hand Bat,Right arm Fast medium, ,Kyle Alex Jamieson
10302,MP Yadav,Right hand Bat,Right arm Fast,NULL,Mayank Yadav
42603,A Mhatre,Right hand Bat,Right arm Offbreak,NULL,Ayush Mhatre
10456,Ashutosh Sharma,Right hand Bat,NULL,NULL,Ashutosh Sharma
7947,T Stubbs,Right hand Bat,Right arm Offbreak,Wicketkeeper,Tristan Stubbs
10528,Kumar Kushagra,Right hand Bat,NULL,Wicketkeeper,Kumar Kushagra
180,SV Samson,Right hand Bat, ,Wicketkeeper,Sanju Viswanath Samson
10303,M Siddharth,Right hand Bat,Slow Left arm Orthodox,NULL,Manimaran Siddharth
2703,Navdeep Saini,Right hand Bat,Right arm Fast,NULL,Navdeep Saini
4146,TU Deshpande,Left hand Bat,Right arm Medium, ,Tushar Uday Deshpande
11833,DS Rathi,Right hand Bat,Legbreak,NULL,Digvesh Singh Rathi
3388,Arshdeep Singh,Left hand Bat,Left arm Medium fast, ,Arshdeep Singh
6036,Akash Singh,Right hand Bat,Left arm Medium fast, ,Akash Maharaj Singh
35030,R Shukla,Right hand Bat,Right arm Medium, ,Rahul Shukla
12160,A Kumble,Right hand Bat,Legbreak Googly, ,Anil Kumble
12035,S Sohal,Right hand Bat,Legbreak, ,Sunny Sohal
16007,JJ van der Wath,Right hand Bat,Right arm Medium fast, ,Johannes Jacobus van der Wath
13882,GJ Bailey,Right hand Bat,Right arm Medium, ,George John Bailey
2719,JM Bairstow,Right hand Bat,Right arm Medium,Wicketkeeper,Jonathan Marc Bairstow
258,CJ Anderson,Left hand Bat,Left arm Medium fast, ,Corey James Anderson
35239,BW Hilfenhaus,Right hand Bat,Right arm Fast medium, ,Benjamin William Hilfenhaus
5955,DJ Malan,Left hand Bat,Legbreak, ,Dawid Johannes Malan
12107,GC Smith,Left hand Bat,Right arm Offbreak, ,Graeme Craig Smith
16529,M Klinger,Right hand Bat, , ,Michael Klinger
12193,DNT Zoysa,Left hand Bat,Left arm Fast medium, ,Demuni Nuwan Tharanga Zoysa
35322,PA Reddy,Right hand Bat,Legbreak, ,Produturi Akshath Reddy
13271,FH Edwards,Right hand Bat,Right arm Fast, ,Fidel Henderson Edwards
14353,Mohammad Ashraful,Right hand Bat,"Right arm Offbreak, Legbreak", ,Mohammad Ashraful
12315,Salman Butt,Left hand Bat,Right arm Offbreak, ,Salman Butt
9044,Abdul Basith,Right hand Bat,Right arm Offbreak, ,Pappanayil Abdul Basith
4274,JDS Neesham,Left hand Bat,Right arm Medium fast, ,James Douglas Sheahan Neesham
11942,ML Hayden,Left hand Bat,Right arm Medium, ,Matthew Lawrence Hayden
637,SS Agarwal,Right hand Bat,Legbreak Googly, ,Shubham Sanjay Agarwal
34931,A Chandila,Right hand Bat,Right arm Offbreak, ,Ajit  Chandila
697,DM Bravo,Left hand Bat,Right arm Medium,Occasional Wicketkeeper,Darren Michael Bravo
7077,HE van der Dussen,Right hand Bat,Legbreak, ,Hendrik Erasmus van der Dussen
2934,P Ray Barman,Right hand Bat,Legbreak Googly, ,Prayas Ray Barman
14729,AC Voges,Right hand Bat,Slow Left arm Orthodox, ,Adam Charles Voges
12523,L Balaji,Right hand Bat,Right arm Medium fast, ,Lakshmipathy Balaji
5980,PWH de Silva,Right hand Bat,Legbreak, ,Pinnaduwage Wanindu Hasaranga de Silva
11990,AM Nayar,Left hand Bat,Right arm Medium, ,Abhishek Mohan Nayar
14505,MS Bisla,Right hand Bat, ,Wicketkeeper,Manvinder Sultansingh Bisla
12009,VVS Laxman,Right hand Bat,Right arm Offbreak, ,Vangipurappu Venkata Sai Laxman
6795,D Pretorius,Right hand Bat,Right arm Medium fast, ,Dwaine Pretorius
38322,VH Zol,Left hand Bat,Right arm Offbreak, ,Vijay Hari Zol
12093,VS Yeligati,Right hand Bat,Right arm Offbreak, ,Vikrant Shyam Yeligati
5408,JA Richardson,Right hand Bat,Right arm Fast, ,Jhye Avon Richardson
15507,AG Paunikar,Right hand Bat, ,Wicketkeeper,Amit Gajanan Paunikar
11985,L Ronchi,Right hand Bat, ,Wicketkeeper,Luke Ronchi
13402,RR Bose,Right hand Bat,Right arm Fast medium, ,Ranadeb Ranjit Bose
36213,R Rampaul,Left hand Bat,Right arm Fast medium, ,Ravindranath Rampaul
12535,A Chopra,Right hand Bat,"Right arm Medium, Right arm Offbreak", ,Aakash Chopra
11930,R Dravid,Right hand Bat,Right arm Offbreak,Occasional Wicketkeeper,Rahul Sharad Dravid
13973,C Nanda,Right hand Bat,Legbreak, ,Chetanya Nanda
7365,HR Shokeen,Right hand Bat,Right arm Offbreak, ,Hrithik Rakesh Shokeen
7172,Yash Dayal,Right hand Bat,Left arm Medium fast, ,Yash Dayal
38691,Karanveer Singh,Right hand Bat,Legbreak Googly, ,Karanveer Singh
15472,C Madan,Right hand Bat, ,Wicketkeeper,Chandan Madan
16382,JE Taylor,Right hand Bat,Right arm Fast, ,Jerome Everton Taylor
11931,W Jaffer,Right hand Bat,Right arm Offbreak, ,Wasim Jaffer
14,MC Henriques,Right hand Bat,Right arm Fast medium, ,Moises Constantino Henriques
11936,B Akhil,Right hand Bat,Right arm Medium fast, ,Balachandra Akhil
11975,V Sehwag,Right hand Bat,Right arm Offbreak, ,Virender Sehwag
12017,PP Ojha,Left hand Bat,Slow Left arm Orthodox, ,Pragyan Prayash Ojha
8356,NA Saini,Right hand Bat,Right arm Fast, ,Navdeep Amarjeet Saini
12345,M Ntini,Right hand Bat,Right arm Fast, ,Makhaya Ntini
18,NV Ojha,Right hand Bat, ,Wicketkeeper,Naman Vinaykumar Ojha
34272,RE Levi,Right hand Bat,Right arm Medium, ,Richard Ernst Levi
14478,R McLaren,Left hand Bat,Right arm Medium fast, ,Ryan McLaren
15745,ND Doshi,Right hand Bat,Slow Left arm Orthodox, ,Nayan Dilip Doshi
12795,RV Pawar,Left hand Bat,Slow Left arm Orthodox, ,Rajesh Vithal Pawar
8425,Yash Thakur,Right hand Bat,Right arm Fast medium, ,Yash Ravisingh Thakur
24,JC Buttler,Right hand Bat, ,Wicketkeeper,Joseph Charles Buttler
1436,RK Singh,Left hand Bat,Right arm Offbreak, ,Rinku Khanchand Singh
4099,Abdul Samad,Right hand Bat,Legbreak, ,Abdul Samad Farooq
348,RA Jadeja,Left hand Bat,Slow Left arm Orthodox, ,Ravindrasinh Anirudhsinh Jadeja
7036,Ramandeep Singh,Right hand Bat,Right arm Medium, ,Ramandeep Singh
64,Kuldeep Yadav,Left hand Bat,Left arm Wrist spin, ,Kuldeep Yadav
3284,LS Livingstone,Right hand Bat,"Right arm Offbreak, Legbreak", ,Liam Stephen Livingstone
33,JJ Bumrah,Right hand Bat,Right arm Fast, ,Jasprit Jasbirsingh Bumrah
4071,D Padikkal,Left hand Bat,Right arm Offbreak, ,Devdutt Padikkal
1421,Q de Kock,Left hand Bat, ,Wicketkeeper,Quinton de Kock
2947,MJ Santner,Left hand Bat,Slow Left arm Orthodox, ,Mitchell Josef Santner
2760,Rasikh Salam,Right hand Bat,Right arm Medium, ,Rasikh Salam Dar
44064,P Nissanka,Right hand Bat,,,Pathum Nissanka Silva
6999,B Sai Sudharsan,Left hand Bat,Legbreak, ,Bhardwaj Sai Sudharsan
34,AM Rahane,Right hand Bat,Right arm Medium, ,Ajinkya Madhukar Rahane
1120,MJ Henry,Right hand Bat,Right arm Fast medium, ,Matthew James Henry
66,TA Boult,Right hand Bat,Left arm Fast medium, ,Trent Alexander Boult
10,YS Chahal,Right hand Bat,Legbreak Googly, ,Yuzvendra Singh Chahal
13698,SM Harwood,Right hand Bat,Right arm Fast medium, ,Shane Michael Harwood
1,CH Gayle,Left hand Bat,Right arm Offbreak, ,Christopher Henry Gayle
11962,S Sreesanth,Right hand Bat,Right arm Fast medium, ,Shanthakumaran Sreesanth
15807,AL Menaria,Left hand Bat,Slow Left arm Orthodox, ,Ashok Lakshminarayan Menaria
2023,KM Asif,Right hand Bat,Right arm Medium, ,KM Asif
8953,Mayank Dagar,Right hand Bat,Slow Left arm Orthodox, ,Mayank J Dagar
267,F du Plessis,Right hand Bat,Legbreak, ,Francois du Plessis
13320,Yashpal Singh,Right hand Bat,Right arm Medium, ,Yashpal Singh
13228,JD Ryder,Left hand Bat,Right arm Medium, ,Jesse Daniel Ryder
2768,SM Curran,Left hand Bat,Left arm Medium fast, ,Samuel Matthew Curran
1630,M Vijay,Right hand Bat,Right arm Offbreak, ,Murali Vijay
36227,SMSM Senanayake,Right hand Bat,Right arm Offbreak, ,Senanayake Mudiyanselage Sachithra Madhushanka Senanayake
1398,C Munro,Left hand Bat,Right arm Medium fast, ,Colin Munro
12314,Gagandeep Singh,Right hand Bat,Right arm Medium fast, ,Gagandeep Singh
34058,S Rana,Right hand Bat,Right arm Medium fast, ,Sachin Rana
8,S Aravind,Left hand Bat,Left arm Medium fast, ,Sreenath Aravind
341,S Badree,Right hand Bat,Legbreak, ,Samuel Badree
14278,AB McDonald,Right hand Bat,Right arm Fast medium, ,Andrew Barry McDonald
4078,I Udana,Right hand Bat,Left arm Medium fast, ,Isuru Udana Tillakaratna
1998,M Ashwin,Right hand Bat,Legbreak Googly, ,Murugan Ashwin
13203,T Thushara,Left hand Bat,Left arm Fast medium, ,Magina Thilan Thushara Mirando
14649,DR Martyn,Right hand Bat,Right arm Medium, ,Damien Richard Martyn
11998,LRPL Taylor,Right hand Bat,Right arm Offbreak, ,Luteru Ross Poutoa Lote Taylor
12765,PM Sarvesh Kumar,Right hand Bat,Right arm Medium, ,PM Sarvesh Kumar
8312,Sikandar Raza,Right hand Bat,Right arm Offbreak, ,Sikandar Raza Butt
12842,Abdur Razzak,Left hand Bat,Slow Left arm Orthodox, ,Abdur Razzak
7005,DG Nalkande,Right hand Bat,Right arm Fast medium, ,Darshan Girish Nalkande
16296,J Syed Mohammad,Left hand Bat,Slow Left arm Orthodox, ,Jamaluddin Syed Mohammad
2745,KMA Paul,Right hand Bat,Right arm Fast medium, ,Keemo Mandela Angus Paul
14873,NLTC Perera,Left hand Bat,Right arm Medium fast, ,Narangoda Liyanaarachchilage Thisara Chirantha Perera
1471,TK Curran,Right hand Bat,Right arm Fast medium, ,Thomas Kevin Curran
14454,Anirudh Singh,Left hand Bat,Right arm Medium, ,Anirudh Singh
3793,J Suchith,Left hand Bat,Slow Left arm Orthodox, ,Jagadeesha Suchith
1581,Shivam Mavi,Right hand Bat,Right arm Fast medium, ,Shivam Pankaj Mavi
57,CA Lynn,Right hand Bat,Slow Left arm Orthodox, ,Christopher Austin Lynn
12369,DP Vijaykumar,Right hand Bat,Right arm Medium, ,David Paidikalva Vijaykumar
178,SW Billings,Right hand Bat, ,Wicketkeeper,Samuel William Billings
33963,Y Gnaneswara Rao,Right hand Bat,Right arm Medium, ,Yalaka Gnaneswara Rao
3641,O Thomas,Left hand Bat,Right arm Fast, ,Oshane Romaine Thomas
7476,R Dhawan,Right hand Bat,Right arm Medium fast, ,Rishi Dhawan
15867,BA Bhatt,Left hand Bat,Slow Left arm Orthodox, ,Bhargav Ashok Bhatt
12269,CRD Fernando,Right hand Bat,Right arm Fast medium, ,Congenige Randhi Dilhara Fernando
16009,R Ninan,Right hand Bat,Right arm Offbreak, ,Ryan Ninan
11,A Choudhary,Right hand Bat,Left arm Medium, ,Aniket Vinod Choudhary
3100,AS Joseph,Right hand Bat,Right arm Fast, ,Alzarri Shaheim Joseph
14303,CK Langeveldt,Right hand Bat,Right arm Fast medium, ,Charl Kenneth Langeveldt
14707,AB Barath,Right hand Bat,Right arm Offbreak, ,Adrian Boris Barath
2138,DR Shorey,Right hand Bat,Right arm Offbreak, ,Dhruv Ranjan Shorey
753,SP Jackson,Right hand Bat, ,Wicketkeeper,Sheldon Philip Jackson
2,Mandeep Singh,Right hand Bat,Right arm Medium, ,Mandeep Singh
11956,SM Katich,Left hand Bat,Left arm Wrist spin, ,Simon Mathew Katich
12234,JA Morkel,Left hand Bat,Right arm Medium fast, ,Johannes Albertus Morkel
50,DR Smith,Right hand Bat,Right arm Medium, ,Dwayne Romel Smith
13,S Dhawan,Left hand Bat,Right arm Offbreak, ,Shikhar Dhawan
71,GJ Maxwell,Right hand Bat,Right arm Offbreak, ,Glenn James Maxwell
36973,UA Birla,Right hand Bat,Right arm Medium, ,Udit Alok Birla
316,C de Grandhomme,Right hand Bat,Right arm Medium fast, ,Colin de Grandhomme
8646,YV Dhull,Right hand Bat,Right arm Offbreak, ,Yash Vijay Dhull
34522,GB Hogg,Left hand Bat,Left arm Wrist spin, ,George Bradley Hogg
8776,Harpreet Singh,Left hand Bat,Right arm Medium, ,Harpreet Singh Bhatia
12546,J Arunkumar,Right hand Bat,Right arm Offbreak, ,Jagadeesh Arunkumar
14712,SJ Srivastava,Right hand Bat,Left arm Fast medium, ,Shalabh Jagdishprasad Srivastava
8082,R Sanjay Yadav,Left hand Bat,Slow Left arm Orthodox, ,Ramsingh  Sanjay Yadav
15150,SB Wagh,Left hand Bat,Left arm Medium fast, ,Shrikant Bhaskar Wagh
228,Harbhajan Singh,Right hand Bat,Right arm Offbreak, ,Harbhajan Singh
1035,LMP Simmons,Right hand Bat,Right arm Medium fast,Occasional Wicketkeeper,Lendl Mark Platter Simmons
13502,Shoaib Ahmed,Right hand Bat,Right arm Fast medium, ,Syed Mohammad Shoaib Ahmed
13763,D du Preez,Right hand Bat,Right arm Fast medium, ,Dillon du Preez
3393,AJ Turner,Right hand Bat,Right arm Offbreak, ,Ashton James Turner
179,KK Nair,Right hand Bat,Right arm Offbreak, ,Karun Nair
184,PJ Cummins,Right hand Bat,Right arm Fast, ,Patrick James Cummins
5986,VR Iyer,Left hand Bat,Right arm Medium, ,Venkatesh Rajasekaran Iyer
538,Mohammed Siraj,Right hand Bat,Right arm Fast, ,Mohammed Siraj
6727,A Badoni,Right hand Bat,Right arm Offbreak, ,Ayush Badoni
2766,N Pooran,Left hand Bat,Right arm Offbreak,Wicketkeeper,Nicholas Pooran
9748,MD Shanaka,Right hand Bat,Right arm Medium, ,Madagamagamage Dasun Shanaka
6944,D Brevis,Right hand Bat,Legbreak, ,Dewald Brevis
15818,RV Gomez,Right hand Bat,Right arm Medium, ,Raiphi Vincent Gomez
12007,AC Gilchrist,Left hand Bat,Right arm Offbreak,Wicketkeeper,Adam Craig Gilchrist
1377,E Lewis,Left hand Bat, , ,Evin Lewis
4058,SS Cottrell,Right hand Bat,Left arm Fast medium, ,Sheldon Shane Cottrell
37119,Parvez Rasool,Right hand Bat,Right arm Offbreak, ,Parvez Ghulam Rasool Zargar
1419,Mujeeb Ur Rahman,Right hand Bat,Right arm Offbreak, ,Mujeeb Ur Rahman
12010,A Symonds,Right hand Bat,"Right arm Medium, Right arm Offbreak", ,Andrew Symonds
13267,Harmeet Singh,Right hand Bat,Right arm Medium, ,Harmeet Singh Bansal
3246,JL Denly,Right hand Bat,Legbreak, ,Joseph Liam Denly
13250,RS Bopara,Right hand Bat,Right arm Medium, ,Ravinder Singh Bopara
1559,A Dananjaya,Left hand Bat,"Right arm Offbreak, Legbreak", ,Mahamarakkala Kurukulasooriya Patabendige Akila Dananjaya Perera
495,S Kaul,Right hand Bat,Right arm Medium, ,Siddarth Kaul
34089,KH Devdhar,Right hand Bat, ,Wicketkeeper,Kedar Hemant Devdhar
34304,M de Lange,Right hand Bat,Right arm Fast, ,Marchant de Lange
11961,WA Mota,Right hand Bat,Right arm Medium, ,Wilkin Arvind Mota
51,MS Gony,Right hand Bat,Right arm Medium, ,Manpreet Singh Gony
36609,X Thalaivan Sargunam,Right hand Bat,Right arm Offbreak, ,Xavier Thalaivan Sargunam
13198,A Flintoff,Right hand Bat,Right arm Fast medium, ,Andrew Flintoff
3076,SC Kuggeleijn,Right hand Bat,Right arm Fast medium, ,Scott Christopher Kuggeleijn
219,AS Rajpoot,Right hand Bat,Right arm Medium, ,Ankit Singh Rajpoot
230,SL Malinga,Right hand Bat,Right arm Fast, ,Separamadu Lasith Malinga
75,MM Sharma,Right hand Bat,Right arm Medium, ,Mohit Mahipal Sharma
12014,SB Bangar,Right hand Bat,Right arm Medium fast, ,Sanjay Bapusaheb Bangar
12147,Sohail Tanvir,Left hand Bat,Left arm Medium fast, ,Sohail Tanvir
37979,BR Dunk,Left hand Bat,Right arm Offbreak,Wicketkeeper,Ben Robert Dunk
308,I Sharma,Right hand Bat,Right arm Fast medium, ,Ishant Sharma
9371,Akash Madhwal,Right hand Bat,Right arm Medium fast, ,Akash Madhwal
40813,SM Boland,Right hand Bat,Right arm Fast medium, ,Scott Michael Boland
9931,H Sharma,Right hand Bat,Legbreak, ,Himanshu Sharma
13497,AA Bilakhia,Right hand Bat,Right arm Medium, ,Azharuddin Anjum Bilakhia
35153,MJ Clarke,Right hand Bat,Slow Left arm Orthodox, ,Michael John Clarke
8372,HC Brook,Right hand Bat,Right arm Medium, ,Harry Cherrington Brook
11919,SC Ganguly,Left hand Bat,Right arm Medium, ,Sourav Chandidas Ganguly
4,KM Jadhav,Right hand Bat,Right arm Offbreak, ,Kedar Mahadav Jadhav
29,KA Pollard,Right hand Bat,Right arm Medium, ,Kieron Adrian Pollard
6713,PBB Rajapaksa,Left hand Bat,Right arm Medium, ,Pramod Bhanuka Bandara Rajapaksa
14622,SE Bond,Right hand Bat,Right arm Fast, ,Shane Edward Bond
2329,JPR Scantlebury-Searles,Right hand Bat,Right arm Fast medium, ,Javon Philip Ramon Scantlebury-Searles
172,P Negi,Left hand Bat,Slow Left arm Orthodox, ,Pawan Negi
12032,DPMD Jayawardene,Right hand Bat,Right arm Medium, ,Denagamage Proboth Mahela de Silva Jayawardene
604,MG Johnson,Left hand Bat,Left arm Fast, ,Mitchell Guy Johnson
12738,RR Powar,Right hand Bat,Right arm Offbreak, ,Ramesh Rajaram Powar
14726,FY Fazal,Left hand Bat,Right arm Medium, ,Faiz Yakub Fazal
11951,M Muralitharan,Right hand Bat,Right arm Offbreak, ,Muthiah Muralidaran
12465,DT Patil,Right hand Bat, ,Wicketkeeper,Devraj Thyagaraj Patil
11953,JR Hopes,Right hand Bat,Right arm Medium, ,James Redfern Hopes
16862,CJ Ferguson,Right hand Bat,Right arm Medium, ,Callum James Ferguson
14985,KAJ Roach,Right hand Bat,Right arm Fast medium, ,Kemar Andre Jamal Roach
400,EJG Morgan,Left hand Bat,Right arm Medium,Occasional Wicketkeeper,Eoin Joseph Gerard Morgan
9225,AJ Hosein,Left hand Bat,Slow Left arm Orthodox, ,Akeal Jerome Hosein
3,TM Head,Left hand Bat,Right arm Offbreak,Wicketkeeper,Travis Michael Head
44025,Brijesh Sharma,Right hand Bat,Right arm Medium,,Brijesh Sharma
389,SS Iyer,Right hand Bat,"Right arm Offbreak, Legbreak Googly", ,Shreyas Santosh Iyer
6550,TH David,Right hand Bat,Right arm Offbreak, ,Timothy Hays David
4119,RD Gaikwad,Right hand Bat,Right arm Offbreak, ,Ruturaj Dashrat Gaikwad
43977,Abhinandan Singh,Right hand Bat,Right arm Medium fast,,Abhinandan Singh
8945,PD Salt,Right hand Bat,Right arm Offbreak,Wicketkeeper,Philip Dean Salt
3505,SE Rutherford,Left hand Bat,Right arm Fast medium, ,Sherfane Eviston Rutherford
7024,Shashank Singh,Right hand Bat,"Right arm Medium, Right arm Offbreak", ,Shashank Singh
6880,JM Sharma,Right hand Bat, ,Wicketkeeper,Jitesh Mohan Sharma
5407,M Shahrukh Khan,Right hand Bat,Right arm Offbreak, ,Masood Shahrukh Khan
2349,Abhishek Sharma,Left hand Bat,Slow Left arm Orthodox, ,Abhishek Sharma
11781,Aniket Verma,Right hand Bat,Right arm Medium fast,NULL,Aniket Verma
613,Washington Sundar,Left hand Bat,Right arm Offbreak, ,Washington Sundar
6885,VG Arora,Right hand Bat,Right arm Fast medium, ,Vaibhav Gopal Arora
1409,KL Rahul,Right hand Bat, ,Wicketkeeper,Kannaur Lokesh Rahul
6033,GD Phillips,Right hand Bat,Right arm Offbreak,Wicketkeeper,Glenn Dominic Phillips
1386,M Markande,Right hand Bat,Legbreak, ,Mayank Markande
1580,Shubman Gill,Right hand Bat,Right arm Offbreak, ,Shubman Gill
438,JD Unadkat,Right hand Bat,Left arm Medium, ,Jaydev Dipakbhai Unadkat
4047,A Nortje,Right hand Bat,Right arm Fast, ,Anrich Arno Nortje
8383,C Green,Right hand Bat,Right arm Fast medium, ,Cameron Donald Green
43967,JA Duffy,Right hand Bat,Right arm Fast medium,,Jacob Andrew Duffy
44981,DV Malewar,Right hand Bat,Legbreak,,Danish Vishnu Malewar
44988,Krish Bhagat,Right hand Bat,Right arm Medium,,Krish Bhagat
2188,M Prasidh Krishna,Right hand Bat,Right arm Fast medium, ,Muralikrishna Prasidh Krishna
44713,Auqib Nabi,Right hand Bat,Right arm Medium,,Auqib Nabi
44781,LG Pretorius,Left hand Bat,,Wicketkeeper,Lhuan-dre Gilbert Pretorius
43964,DA Payne,Right hand Bat,Left arm Fast medium,,David Alan Payne
43990,B Muzarabani,Right hand Bat,Right arm Fast medium,,Blessing Muzarabani
43981,FH Allen,Right hand Bat,,,Finnley Hugh Allen
44082,Shivang Kumar,Right hand Bat,Left arm Wrist spin,,Shivang Kumar
44845,Mayank Rawat,Right hand Bat,Right arm Offbreak,,Mayank Ram Rawat
44008,Kartik Sharma,Right hand Bat,,Wicketkeeper Batter,Kartik Sharma
44703,Gurjapneet Singh,Right hand Bat,Left arm Medium fast,,Gurjapneet Singh
44724,GF Linde,Left hand Bat,Slow Left arm Orthodox,,George Fredrik Linde
44041,C Connolly,Left hand Bat,Slow Left arm Orthodox,,Cooper Patrick Leonard Connolly
44932,Yash Raj Punja,Right hand Bat,Legbreak Googly,,Yash Raj Punja
44105,PR Veer,Left hand Bat,Slow Left arm Orthodox,,Prashant Ramendra Veer
44001,AM Ghazanfar,Right hand Bat,"Right arm Offbreak, Legbreak",,AM Ghazanfar
44765,Sakib Hussain,Right hand Bat,Right arm Medium,,Sakib Hussain
9824,Nithish Kumar Reddy,Right hand Bat,Right arm Medium fast, ,Kaki Nitish Kumar Reddy
43960,S Arora,Right hand Bat,,Wicketkeeper,Salil Arora
43649,Harsh Dubey,Left hand Bat,Slow Left arm Orthodox,NULL,Harsh Surendra Dubey
44036,Ashok Sharma,Right hand Bat,Right arm Fast,,Ashok Sharma
44775,PP Hinge,Right hand Bat,Right arm Medium fast,,Praful Prakash Hinge
8475,Suyash Sharma,Right hand Bat,Legbreak Googly, ,Suyash Sharma
45004,D Madushanka,Right hand Bat,Right arm Medium fast,,K Dasun Madusanka
42566,V Suryavanshi,Left hand Bat,Slow Left arm Orthodox,NULL,Vaibhav Suryavanshi
26,N Rana,Left hand Bat,"Right arm Medium, Right arm Offbreak, Legbreak", ,Nitish Rana
45986,SU Parakh,Left hand Bat,Legbreak,,Sahil Ulhas Parakh
